{"name":"","userid":"","username":"","time":"","records":[{"deviceName":"Cube","position":{"x":1.059145212173462,"y":-4.441075137026572e-17,"z":2.00008225440979},"rotation":{"x":0.0,"y":0.0,"z":0.0},"localScale":{"x":2.0,"y":1.0,"z":1.0},"lookPoint":{"x":0.0,"y":0.0,"z":0.0}},{"deviceName":"Cube","position":{"x":-2.95820951461792,"y":-5.373226954546049e-17,"z":2.419886350631714},"rotation":{"x":0.0,"y":0.0,"z":0.0},"localScale":{"x":2.0,"y":1.0,"z":1.0},"lookPoint":{"x":0.0,"y":0.0,"z":0.0}}]}