{"name":"","userid":"","username":"","time":"","records":[{"x":1.6133105754852296,"y":6.490209302090295e-17,"z":-2.9229302406311037},{"x":2.346676826477051,"y":-3.989563893620422e-17,"z":1.7967398166656495},{"x":-1.996214747428894,"y":-5.347441087874811e-17,"z":2.408273220062256},{"x":-3.929615020751953,"y":-5.259590205482494e-17,"z":2.368708610534668}]}