{"name":"","userid":"","username":"","time":"","records":[{"deviceName":"Cube","position":{"x":-3.6178107261657717,"y":-7.540244283065929e-17,"z":3.3958237171173097},"rotation":{"x":0.0,"y":1.9259570837020875,"z":0.0},"localScale":{"x":2.0,"y":1.0,"z":1.0},"lookPoint":{"x":0.0,"y":0.0,"z":0.0}}]}