{"name":"","userid":"","username":"","time":"","records":[{"deviceName":"Cube","position":{"x":1.8300001621246338,"y":0.5799999833106995,"z":0.0},"rotation":{"x":0.0,"y":0.0,"z":0.0},"localScale":{"x":0.20000000298023225,"y":1.0,"z":0.10000000149011612},"lookPoint":{"x":0.0,"y":0.0,"z":0.0}},{"deviceName":"Cube","position":{"x":-0.25999999046325686,"y":0.5799999833106995,"z":-4.550000190734863},"rotation":{"x":0.0,"y":0.0,"z":0.0},"localScale":{"x":0.20000000298023225,"y":1.0,"z":0.10000000149011612},"lookPoint":{"x":0.0,"y":0.0,"z":0.0}}]}