{"name":"","userid":"","username":"","time":"","records":[{"deviceName":"Cube","position":{"x":0.2558401823043823,"y":-2.6710929220035696e-17,"z":1.2029533386230469},"rotation":{"x":0.0,"y":0.0,"z":0.0},"localScale":{"x":2.0,"y":1.0,"z":1.0},"lookPoint":{"x":0.0,"y":0.0,"z":0.0}},{"deviceName":"Cube","position":{"x":-3.383453369140625,"y":-2.4363044880114156e-17,"z":1.0972139835357667},"rotation":{"x":0.0,"y":0.0,"z":0.0},"localScale":{"x":2.0,"y":1.0,"z":1.0},"lookPoint":{"x":0.0,"y":0.0,"z":0.0}}]}