{"name":"","userid":"","username":"","time":"","records":[{"deviceName":"Cube","position":{"x":-6.8944902420043949,"y":2.5114517211914064,"z":-4.375650405883789},"rotation":{"x":0.0,"y":46.46417236328125,"z":0.0},"localScale":{"x":2.0,"y":1.0,"z":1.0},"lookPoint":{"x":0.0,"y":0.0,"z":0.0}}]}